{"Stock Name":"Tesla, Inc.","Price":279.1,"Change":7.0599976,"Previous Close":272.04,"Open":272.96,"Bid":278.87,"Ask":279.23,"Day's Range":"267.71 - 279.54","52 Week Range":"138.8 - 488.54","Volume":93248500,"Avg. Volume":85678636,"Market Cap":897730740224,"Beta":2.507,"PE Ratio (TTM)":136.81374,"EPS":2.04,"Earnings Date":"N\/A","Forward Dividend & Yield":"N\/A","Ex-Dividend Date":"N\/A","1y Target Est":342.3445}
